id;name;firstname;zip;city;birthdate;street;housenr;stateCode;state
 1;jwcdf-name;fsj-firstname; 13520;oem-city;1954/02/07;amrb-street; 145;AK;ALASKA
 2;flhxu-name;tum-firstname; 17520;buo-city;1966/04/24;wfyz-street; 96;GA;GEORGIA
 3;xthfg-name;gfe-firstname; 12560;vtz-city;1990/01/11;doxx-street; 46;NJ;NEW JERSEY
 4;ulzrz-name;bnl-firstname; 11620;prz-city;1966/08/02;bxqn-street; 104;NY;NEW YORK
 5;oxhyr-name;onx-firstname; 15180;bpn-city;1970/11/14;pksn-street; 133;IN;INDIANA
 6;fiqjz-name;sce-firstname; 16020;fnn-city;1954/09/24;wbhg-street; 35;MD;MARYLAND
 7;tkiat-name;xti-firstname; 12720;stt-city;1966/08/11;tvnf-street; 21;PA;PENNSYLVANIA
 8;kljcz-name;uqd-firstname; 13340;ntt-city;1987/01/15;jyje-street; 10;PW;PALAU
 9;pgunz-name;hcm-firstname; 16680;gxh-city;1970/11/08;shbe-street; 184;NC;NORTH CAROLINA
 10;oyjha-name;uhj-firstname; 18880;uyg-city;1966/04/10;bjgw-street; 176;AR;ARKANSAS
 11;igxbd-name;uph-firstname; 13480;ndh-city;1962/12/03;jdcd-street; 151;NH;NEW HAMPSHIRE
 12;vnaov-name;wha-firstname; 13120;egm-city;1954/03/28;hpep-street; 20;CA;CALIFORNIA
 13;dauuz-name;hwg-firstname; 13740;khn-city;1958/05/15;etqx-street; 5;OK;OKLAHOMA
 14;gkuuo-name;kkb-firstname; 13560;xdt-city;1962/04/07;sdoj-street; 35;MT;MONTANA
 15;wdhze-name;jjk-firstname; 16900;due-city;1970/07/17;pmmu-street; 174;AS;AMERICAN SAMOA
 16;ncayz-name;ynb-firstname; 15720;lxj-city;1974/04/27;mdtb-street; 109;MA;MASSACHUSETTS
 17;rdjin-name;hhu-firstname; 14480;lpc-city;1958/11/16;wxik-street; 145;KY;KENTUCKY
 18;nxzij-name;bdl-firstname; 10740;avx-city;1958/02/20;nybz-street; 138;WI;WISCONSIN
 19;xgrzc-name;dxw-firstname; 18900;vpq-city;1990/11/16;wzjh-street; 58;ME;MAINE
 20;ehgrn-name;vbe-firstname; 17500;cik-city;1978/05/21;ucnw-street; 135;MD;MARYLAND
 21;gctjx-name;upx-firstname; 11960;yqr-city;1958/03/03;rlko-street; 141;TN;TENNESSEE
 22;ptzmg-name;hva-firstname; 15740;gux-city;1978/05/04;pugy-street; 122;VI;VIRGIN ISLANDS
 23;eyeti-name;gnw-firstname; 17420;eko-city;1962/10/26;ylph-street; 61;NC;NORTH CAROLINA
 24;wccwo-name;zpj-firstname; 16600;uim-city;1962/09/29;ygih-street; 26;WA;WASHINGTON
 25;bwkoe-name;ayl-firstname; 18660;rtw-city;1978/07/16;mzww-street; 179;CA;CALIFORNIA
 26;rezku-name;zio-firstname; 19080;nvt-city;1982/07/14;wwkd-street; 91;CA;CALIFORNIA
 27;mjlsk-name;ecx-firstname; 10800;yxu-city;1950/12/11;vttb-street; 195;MO;MISSOURI
 28;wdjsi-name;aoq-firstname; 13660;smo-city;1954/02/01;kako-street; 7;NV;NEVADA
 29;mwfnd-name;nyb-firstname; 19760;bbu-city;1986/09/23;apdi-street; 91;MS;MISSISSIPPI
 30;vtuoz-name;jhh-firstname; 17620;vad-city;1982/05/05;kzup-street; 79;GA;GEORGIA
 31;rhhxk-name;ndr-firstname; 16760;fub-city;1978/11/12;regd-street; 55;OK;OKLAHOMA
 32;lpstk-name;mqz-firstname; 18940;tnr-city;1982/09/16;cdhf-street; 4;SD;SOUTH DAKOTA
 33;ldhyr-name;yts-firstname; 12000;auk-city;1986/11/14;abph-street; 147;IN;INDIANA
 34;cjdml-name;iti-firstname; 16900;wkq-city;1970/06/05;npow-street; 96;NH;NEW HAMPSHIRE
 35;cpenz-name;sbi-firstname; 16380;ssl-city;1962/08/19;kilz-street; 44;MS;MISSISSIPPI
 36;rxtbg-name;anr-firstname; 14720;bqc-city;1958/08/10;pudg-street; 140;NV;NEVADA
 37;udblf-name;raa-firstname; 11500;wli-city;1978/12/13;xomd-street; 41;PW;PALAU
 38;vvyce-name;gep-firstname; 13740;gtd-city;1982/05/23;kwbv-street; 123;undefined;undefined
 39;kwfnz-name;ucu-firstname; 10580;sns-city;1978/08/18;nnun-street; 20;OK;OKLAHOMA
 40;zxydx-name;tml-firstname; 14680;jda-city;1974/05/29;wfjn-street; 157;DC;DISTRICT OF COLUMBIA
 41;bfscx-name;jnl-firstname; 16920;yyg-city;1970/11/30;cgfh-street; 178;CO;COLORADO
 42;qitur-name;yra-firstname; 15560;ijp-city;1978/01/30;fonc-street; 155;AK;ALASKA
 43;msixi-name;ynb-firstname; 12720;ksl-city;1958/07/17;zpjw-street; 46;VI;VIRGIN ISLANDS
 44;wzkjq-name;rgh-firstname; 19000;hkm-city;1974/08/12;yixf-street; 134;CA;CALIFORNIA
 45;dqfmf-name;yxr-firstname; 13840;vie-city;1962/10/23;stvx-street; 39;TX;TEXAS
 46;biluz-name;uqe-firstname; 17760;wkq-city;1962/07/27;embn-street; 183;PW;PALAU
 47;wahfx-name;zwd-firstname; 13240;vic-city;1974/03/27;axpw-street; 131;UT;UTAH
 48;denwt-name;bta-firstname; 17300;hhj-city;1986/12/20;orwy-street; 11;WV;WEST VIRGINIA
 49;akdmy-name;ybz-firstname; 14560;wtx-city;1962/11/08;nwba-street; 123;MP;NORTHERN MARIANA ISLANDS
 50;hqafg-name;nht-firstname; 16080;gfu-city;1951/01/12;spsq-street; 45;LA;LOUISIANA
 51;zhmbl-name;lnw-firstname; 17460;hse-city;1986/12/21;scis-street; 97;GA;GEORGIA
 52;snwnj-name;jyy-firstname; 16400;hsz-city;1966/02/15;imhl-street; 42;NC;NORTH CAROLINA
 53;fuyla-name;mmp-firstname; 11840;hgu-city;1986/08/16;ixiz-street; 145;NC;NORTH CAROLINA
 54;yvfqz-name;prz-firstname; 11260;wjl-city;1982/05/06;fbzd-street; 97;MO;MISSOURI
 55;usbgq-name;vhd-firstname; 14080;dsb-city;1958/04/01;ggoc-street; 54;KS;KANSAS
 56;yaeni-name;zpy-firstname; 19100;sen-city;1954/12/10;sbsw-street; 158;HI;HAWAII
 57;fgxvr-name;vzi-firstname; 17520;lcf-city;1958/11/01;nbdv-street; 10;GU;GUAM
 58;tqpbq-name;rwr-firstname; 19140;zpd-city;1978/08/23;npvb-street; 190;DC;DISTRICT OF COLUMBIA
 59;ieigg-name;ayq-firstname; 12960;ljc-city;1962/07/05;dnjz-street; 163;FL;FLORIDA
 60;rfvzu-name;edm-firstname; 13340;kvz-city;1954/12/08;eijd-street; 4;RI;RHODE ISLAND
 61;pduwm-name;gqb-firstname; 14240;cyr-city;1954/07/03;ndux-street; 13;SD;SOUTH DAKOTA
 62;yyixf-name;yzt-firstname; 18020;lwx-city;1974/01/29;iede-street; 120;NV;NEVADA
 63;dkszq-name;ytd-firstname; 14700;zwh-city;1979/01/11;nbjz-street; 65;AS;AMERICAN SAMOA
 64;slkzv-name;zbg-firstname; 19880;oee-city;1978/11/01;sphg-street; 119;OK;OKLAHOMA
 65;nvxim-name;phc-firstname; 19220;vgg-city;1991/01/24;juok-street; 106;FM;FEDERATED STATES OF MICRONESIA
 66;piyfg-name;xtn-firstname; 13760;nde-city;1954/07/22;vfrv-street; 11;NY;NEW YORK
 67;jnusz-name;mjw-firstname; 12640;nwb-city;1986/08/23;kcsa-street; 138;VA;VIRGINIA
 68;jnypj-name;ioq-firstname; 17000;zqy-city;1986/01/09;croe-street; 119;PW;PALAU
 69;uohts-name;btx-firstname; 13480;dal-city;1990/10/22;llyw-street; 150;WA;WASHINGTON
 70;aavpj-name;pvw-firstname; 13780;lai-city;1954/09/23;nygu-street; 171;FL;FLORIDA
 71;nbjcj-name;rsf-firstname; 12000;kjl-city;1986/06/30;ijsb-street; 123;ID;IDAHO
 72;syjxh-name;gkq-firstname; 19960;rmd-city;1978/10/26;qmyp-street; 161;MN;MINNESOTA
 73;vkojz-name;ryo-firstname; 14300;bmz-city;1954/09/11;gcpj-street; 71;ND;NORTH DAKOTA
 74;pqzfw-name;kld-firstname; 16400;qvq-city;1962/09/09;dhbv-street; 92;ND;NORTH DAKOTA
 75;owvjk-name;fez-firstname; 19740;ldb-city;1978/06/14;kabf-street; 87;VA;VIRGINIA
 76;qsfih-name;ixe-firstname; 16860;qvr-city;1987/01/07;qean-street; 159;CO;COLORADO
 77;slixq-name;gmb-firstname; 19980;ftt-city;1982/06/22;xinx-street; 111;VT;VERMONT
 78;eegsa-name;xlc-firstname; 12680;byk-city;1954/04/23;beul-street; 56;MD;MARYLAND
 79;phevp-name;ihs-firstname; 16120;adc-city;1978/04/25;voig-street; 98;NM;NEW MEXICO
 80;njfoe-name;tag-firstname; 16580;tnr-city;1966/12/04;dhky-street; 108;LA;LOUISIANA
 81;bdncx-name;hcd-firstname; 11260;xcl-city;1970/07/02;jvlp-street; 49;GA;GEORGIA
 82;ikedo-name;tks-firstname; 17460;odl-city;1958/08/25;iaaq-street; 8;GU;GUAM
 83;iafxy-name;vur-firstname; 11480;hgt-city;1962/08/03;hmec-street; 164;TX;TEXAS
 84;lafhf-name;ssz-firstname; 19560;wwp-city;1951/01/25;mxmq-street; 96;IN;INDIANA
 85;okyny-name;hbu-firstname; 16800;yok-city;1978/03/28;ipjz-street; 135;NV;NEVADA
 86;hznby-name;fwy-firstname; 13680;wbi-city;1970/07/25;mxui-street; 170;CT;CONNECTICUT
 87;ztpoa-name;rzk-firstname; 18500;qum-city;1970/07/26;blqr-street; 152;ME;MAINE
 88;gitxz-name;axt-firstname; 11800;fck-city;1974/01/12;tmjw-street; 189;SD;SOUTH DAKOTA
 89;ziomm-name;mcv-firstname; 12940;iwq-city;1950/10/22;hqgj-street; 140;DC;DISTRICT OF COLUMBIA
 90;otncg-name;tuy-firstname; 16540;ulk-city;1971/01/24;yuia-street; 166;TX;TEXAS
 91;cnabb-name;hoq-firstname; 16300;tuw-city;1962/06/17;ujvv-street; 61;ME;MAINE
 92;ucogf-name;ggc-firstname; 14500;fsj-city;1978/02/08;asfi-street; 53;WV;WEST VIRGINIA
 93;lbpmf-name;sdt-firstname; 10780;ewj-city;1978/03/08;hxsp-street; 102;NV;NEVADA
 94;tieqq-name;uyu-firstname; 17740;wea-city;1966/10/31;abpl-street; 187;MO;MISSOURI
 95;fsgwf-name;vjd-firstname; 12460;ads-city;1970/11/29;yeou-street; 10;MA;MASSACHUSETTS
 96;reeba-name;kzs-firstname; 13100;zhc-city;1966/07/08;abmv-street; 88;FL;FLORIDA
 97;shybc-name;gcp-firstname; 10660;ahg-city;1950/12/15;hrqy-street; 174;KS;KANSAS
 98;phszr-name;sst-firstname; 13080;ydd-city;1954/09/23;quqn-street; 2;RI;RHODE ISLAND
 99;jteco-name;fxc-firstname; 19760;agr-city;1986/05/06;dzxc-street; 108;MD;MARYLAND
 100;qvaar-name;icx-firstname; 16120;boc-city;1978/08/04;bfzf-street; 12;NM;NEW MEXICO
 101;iiapu-name;veo-firstname; 10180;wdv-city;1954/05/29;ovyu-street; 55;WI;WISCONSIN
 102;qfawh-name;wlx-firstname; 11280;fad-city;1962/04/28;hibx-street; 188;MP;NORTHERN MARIANA ISLANDS
 103;nfurq-name;rib-firstname; 17080;xcp-city;1962/11/10;rqui-street; 164;MI;MICHIGAN
 104;hdbiw-name;wxm-firstname; 12600;txy-city;1978/11/23;yfcx-street; 112;OK;OKLAHOMA
 105;oyher-name;jws-firstname; 17900;bai-city;1978/12/30;tyil-street; 178;NC;NORTH CAROLINA
 106;fzjnb-name;wxk-firstname; 12300;fda-city;1974/03/26;aweg-street; 7;MO;MISSOURI
 107;ycpcp-name;xfq-firstname; 12660;mna-city;1986/02/14;dcki-street; 5;AZ;ARIZONA
 108;rxxeb-name;qdw-firstname; 17600;yks-city;1970/11/15;zvsf-street; 74;MH;MARSHALL ISLANDS
 109;ffbgl-name;fqf-firstname; 11680;npo-city;1974/12/07;vvan-street; 175;GA;GEORGIA
 110;foygy-name;vog-firstname; 16920;mun-city;1970/07/03;urct-street; 153;HI;HAWAII
 111;imoqe-name;xfe-firstname; 14620;gfv-city;1986/02/20;nlak-street; 181;AK;ALASKA
 112;mnhwk-name;bbt-firstname; 16180;bnf-city;1986/10/10;yybd-street; 144;AL;ALABAMA
 113;lkfyf-name;xhg-firstname; 13260;myb-city;1958/10/27;jjcn-street; 128;GA;GEORGIA
 114;bkhya-name;hrh-firstname; 11500;byw-city;1990/03/03;oubr-street; 41;MH;MARSHALL ISLANDS
 115;avceb-name;ztu-firstname; 10020;ogo-city;1974/05/26;iuob-street; 31;KS;KANSAS
 116;pnacg-name;iws-firstname; 11640;dtx-city;1966/06/01;kwwj-street; 177;WV;WEST VIRGINIA
 117;ypnsc-name;tyv-firstname; 16820;glg-city;1962/12/19;nysz-street; 13;OK;OKLAHOMA
 118;agndn-name;qae-firstname; 15540;tpg-city;1990/05/15;ygzx-street; 166;NV;NEVADA
 119;qqhon-name;tlb-firstname; 19880;iif-city;1982/02/05;vsbj-street; 191;MP;NORTHERN MARIANA ISLANDS
 120;qzxic-name;mot-firstname; 14840;qvf-city;1970/03/19;gelo-street; 149;WA;WASHINGTON
 121;lunca-name;ced-firstname; 13700;wjp-city;1979/01/06;racn-street; 54;ID;IDAHO
 122;jsxhg-name;yoo-firstname; 13440;ulf-city;1982/06/28;krry-street; 55;NY;NEW YORK
 123;ugbci-name;vht-firstname; 17100;ffc-city;1962/10/16;ixha-street; 99;VT;VERMONT
 124;hgtkz-name;xgg-firstname; 17500;qck-city;1978/07/17;xkez-street; 60;AK;ALASKA
 125;ejdoc-name;ovv-firstname; 14920;ocs-city;1954/11/15;bwhd-street; 169;FL;FLORIDA
 126;zoucr-name;ivo-firstname; 14040;grt-city;1990/04/29;qhox-street; 90;WI;WISCONSIN
 127;asofx-name;yzv-firstname; 19600;ixo-city;1982/07/09;slmy-street; 198;MO;MISSOURI
 128;tgowi-name;zvm-firstname; 17560;avv-city;1986/11/04;qnyp-street; 83;AS;AMERICAN SAMOA
 129;toeur-name;ydp-firstname; 17260;dpz-city;1962/11/02;atag-street; 60;IN;INDIANA
 130;eohex-name;vfp-firstname; 17000;gzc-city;1970/01/05;cvlk-street; 188;UT;UTAH
 131;mahci-name;cwt-firstname; 18240;wut-city;1982/08/02;zyse-street; 147;OR;OREGON
 132;hzetq-name;kif-firstname; 14280;aep-city;1990/11/26;rrsr-street; 118;NE;NEBRASKA
 133;tjrgp-name;vle-firstname; 15620;sdv-city;1962/12/08;zdyx-street; 88;WV;WEST VIRGINIA
 134;japyi-name;jkm-firstname; 14960;jeo-city;1958/03/01;bsxv-street; 86;TX;TEXAS
 135;eqley-name;ttv-firstname; 12740;trs-city;1974/09/16;ibff-street; 187;CA;CALIFORNIA
 136;dbvkz-name;efr-firstname; 13700;ujo-city;1958/05/14;louh-street; 22;MP;NORTHERN MARIANA ISLANDS
 137;mpgcz-name;ysk-firstname; 11860;eva-city;1978/08/23;nedx-street; 101;MT;MONTANA
 138;bntsw-name;osn-firstname; 15700;mmv-city;1966/07/28;loqs-street; 34;WY;WYOMING
 139;yfcbv-name;ing-firstname; 10300;ddb-city;1966/04/12;amuj-street; 32;SD;SOUTH DAKOTA
 140;ddwqy-name;rxo-firstname; 18720;nsh-city;1974/06/22;rugn-street; 105;LA;LOUISIANA
 141;zuxwq-name;xha-firstname; 12240;jii-city;1974/04/22;kawh-street; 97;NJ;NEW JERSEY
 142;aarej-name;dfg-firstname; 14680;exu-city;1958/04/17;adua-street; 11;NE;NEBRASKA
 143;iezfw-name;ufb-firstname; 18800;fyv-city;1970/06/05;yvao-street; 53;HI;HAWAII
 144;vvmzr-name;bud-firstname; 15120;ggo-city;1966/07/24;ozcj-street; 127;MT;MONTANA
 145;bknbv-name;qrd-firstname; 11500;mth-city;1970/04/16;ijle-street; 143;NH;NEW HAMPSHIRE
 146;bwyxl-name;fdq-firstname; 13160;ngn-city;1954/07/05;nkco-street; 120;DE;DELAWARE
 147;lkkwb-name;yqh-firstname; 19580;pwn-city;1954/10/16;rgdl-street; 185;MN;MINNESOTA
 148;uokzd-name;aco-firstname; 13940;wyf-city;1966/02/07;lbhd-street; 23;NH;NEW HAMPSHIRE
 149;tdmol-name;hkb-firstname; 11960;wbi-city;1970/06/03;wboh-street; 59;ND;NORTH DAKOTA
 150;erulk-name;xcd-firstname; 11420;kzt-city;1990/02/07;bmcb-street; 160;DC;DISTRICT OF COLUMBIA
 151;atrip-name;mlq-firstname; 14440;agk-city;1986/11/08;qhdv-street; 29;IN;INDIANA
 152;atiir-name;brc-firstname; 11380;sas-city;1958/10/20;dwyv-street; 100;AR;ARKANSAS
 153;cvygb-name;kdu-firstname; 17300;etl-city;1954/11/13;bdxo-street; 43;MA;MASSACHUSETTS
 154;jeyeq-name;yjl-firstname; 12740;jgr-city;1978/06/21;aavd-street; 61;NY;NEW YORK
 155;wojgm-name;xdk-firstname; 13340;meq-city;1982/10/20;ttix-street; 61;MT;MONTANA
 156;oktge-name;taf-firstname; 11200;ibx-city;1990/09/05;clbk-street; 70;UT;UTAH
 157;cdrrm-name;dmu-firstname; 11980;bqa-city;1962/06/18;owlk-street; 26;NY;NEW YORK
 158;jyqvl-name;rht-firstname; 11120;qrk-city;1982/04/20;qbrn-street; 55;WY;WYOMING
 159;spfxh-name;oqv-firstname; 14740;gyh-city;1970/07/08;oiin-street; 59;NC;NORTH CAROLINA
 160;sczwy-name;mhg-firstname; 17860;izz-city;1970/08/25;xehg-street; 2;NJ;NEW JERSEY
 161;lklcm-name;rcy-firstname; 11960;ycf-city;1982/07/04;path-street; 179;NJ;NEW JERSEY
 162;jcluy-name;tlk-firstname; 10380;lsi-city;1970/03/17;ugqr-street; 138;NJ;NEW JERSEY
 163;qqdvp-name;hsh-firstname; 18240;bqf-city;1982/01/01;nupe-street; 153;LA;LOUISIANA
 164;rxlox-name;uoi-firstname; 15600;uvd-city;1954/04/03;gjmv-street; 197;MA;MASSACHUSETTS
 165;kjypq-name;wgt-firstname; 14060;yrs-city;1978/06/09;ijks-street; 144;CO;COLORADO
 166;zegdj-name;fpi-firstname; 13380;znp-city;1978/04/26;pdlh-street; 187;KY;KENTUCKY
 167;ihkkq-name;gtk-firstname; 15740;qbg-city;1970/06/18;odsg-street; 95;CO;COLORADO
 168;yhnuk-name;uhh-firstname; 16720;hoo-city;1978/06/20;vrcy-street; 186;KS;KANSAS
 169;ftpvt-name;ufk-firstname; 13600;wat-city;1954/10/16;nxax-street; 112;OR;OREGON
 170;xoiyz-name;xqq-firstname; 14560;kea-city;1986/08/10;bivl-street; 177;MN;MINNESOTA
 171;wfeuq-name;qec-firstname; 16540;obq-city;1950/11/17;keyf-street; 108;UT;UTAH
 172;pfrmg-name;tyi-firstname; 15360;tjx-city;1979/01/30;lyhr-street; 78;NE;NEBRASKA
 173;najqw-name;ldk-firstname; 10220;bci-city;1982/04/01;qxuf-street; 84;MS;MISSISSIPPI
 174;qbqrg-name;zyo-firstname; 13420;cdh-city;1958/06/13;gqst-street; 167;WY;WYOMING
 175;lnaxv-name;zwt-firstname; 14740;lok-city;1962/10/06;mmdu-street; 149;KY;KENTUCKY
 176;tpgpm-name;qie-firstname; 14960;opy-city;1958/07/14;uxfv-street; 158;SC;SOUTH CAROLINA
 177;nltvw-name;ahc-firstname; 19520;uxf-city;1958/03/16;fwsy-street; 131;CA;CALIFORNIA
 178;ujfpc-name;cwd-firstname; 13800;gki-city;1974/10/10;sgiq-street; 12;FL;FLORIDA
 179;pehcm-name;mah-firstname; 15940;azs-city;1970/05/07;hvvk-street; 9;PR;PUERTO RICO
 180;phlqr-name;qog-firstname; 12160;qvt-city;1966/09/11;isol-street; 155;AZ;ARIZONA
 181;bxerk-name;kxv-firstname; 14180;sek-city;1982/02/18;ctwu-street; 84;CA;CALIFORNIA
 182;nmlqw-name;oyf-firstname; 12640;tmv-city;1962/02/26;eqss-street; 141;NE;NEBRASKA
 183;kobcl-name;pht-firstname; 15820;nky-city;1978/05/14;vfnd-street; 176;PR;PUERTO RICO
 184;lvbqi-name;juh-firstname; 12780;rst-city;1958/12/18;wwko-street; 22;MP;NORTHERN MARIANA ISLANDS
 185;yqqmt-name;zrg-firstname; 12780;hxs-city;1954/08/12;mdxh-street; 190;MS;MISSISSIPPI
 186;osbyt-name;qtk-firstname; 14900;ltd-city;1990/06/21;quqn-street; 59;MO;MISSOURI
 187;vibab-name;vgy-firstname; 19600;jxa-city;1958/09/20;czps-street; 137;AR;ARKANSAS
 188;vrnml-name;qmd-firstname; 15860;mxe-city;1966/07/23;ybfc-street; 148;DE;DELAWARE
 189;thimt-name;ige-firstname; 12900;dqn-city;1966/05/07;bccw-street; 187;OK;OKLAHOMA
 190;jdzou-name;qnd-firstname; 17600;fzi-city;1958/06/12;ewtx-street; 174;IN;INDIANA
 191;bsvvw-name;hfa-firstname; 14180;kmn-city;1974/09/19;zvdw-street; 13;UT;UTAH
 192;iwbao-name;qur-firstname; 19500;jlk-city;1982/08/08;kllj-street; 113;WA;WASHINGTON
 193;xpxla-name;yzv-firstname; 19020;eze-city;1954/04/22;taku-street; 105;AS;AMERICAN SAMOA
 194;gqugh-name;sdy-firstname; 14360;pwi-city;1974/03/11;qybh-street; 95;KY;KENTUCKY
 195;bueoc-name;sfx-firstname; 10560;xhn-city;1970/08/29;zfin-street; 48;NC;NORTH CAROLINA
 196;fyrln-name;fay-firstname; 10820;qtd-city;1974/11/04;yrtc-street; 120;MH;MARSHALL ISLANDS
 197;zuhli-name;qwr-firstname; 19800;nqp-city;1970/01/21;mdew-street; 8;VA;VIRGINIA
 198;rwplk-name;jkr-firstname; 18080;khf-city;1978/02/28;ihkv-street; 134;MT;MONTANA
 199;ssbzy-name;azn-firstname; 11440;ire-city;1954/11/16;sjou-street; 55;CO;COLORADO
 200;zbhue-name;ces-firstname; 19840;ybc-city;1974/07/17;ktsw-street; 94;ND;NORTH DAKOTA
 201;tcpnt-name;tgk-firstname; 19580;nox-city;1990/02/24;rmst-street; 59;MS;MISSISSIPPI
 202;avrpe-name;aaz-firstname; 14000;anm-city;1950/09/02;ddjz-street; 197;FL;FLORIDA
 203;qemau-name;lbl-firstname; 15620;jkx-city;1962/07/23;kxdn-street; 38;PA;PENNSYLVANIA
 204;xzeqe-name;bjx-firstname; 12960;qiv-city;1958/09/07;yohx-street; 22;VA;VIRGINIA
 205;ufbqh-name;dcm-firstname; 17720;tch-city;1978/10/16;sqis-street; 119;NM;NEW MEXICO
 206;cfwje-name;kng-firstname; 15980;hmf-city;1974/09/23;timl-street; 105;NV;NEVADA
 207;dpswi-name;lzu-firstname; 11020;mby-city;1962/10/14;stnj-street; 143;UT;UTAH
 208;padrh-name;yvj-firstname; 17680;pqc-city;1986/11/28;xmxq-street; 81;GU;GUAM
 209;blcun-name;erh-firstname; 16200;sgc-city;1950/10/10;sqkp-street; 29;PA;PENNSYLVANIA
 210;jxuox-name;ztl-firstname; 13140;hox-city;1962/08/12;vxgj-street; 83;KS;KANSAS
 211;bcfua-name;urk-firstname; 11540;mhn-city;1982/10/09;poor-street; 21;VI;VIRGIN ISLANDS
 212;nmccn-name;nlv-firstname; 11780;dec-city;1974/07/05;txyt-street; 125;FL;FLORIDA
 213;cwcfl-name;nye-firstname; 10620;ciu-city;1974/06/14;dumh-street; 124;TX;TEXAS
 214;bewhj-name;mcq-firstname; 16040;vir-city;1951/01/31;uhse-street; 78;MA;MASSACHUSETTS
 215;owbls-name;mcq-firstname; 12940;zjk-city;1962/08/21;plgy-street; 185;NJ;NEW JERSEY
 216;tjwtx-name;uur-firstname; 13400;jqa-city;1962/05/15;hhzi-street; 134;KS;KANSAS
 217;aynmw-name;obp-firstname; 13820;hbu-city;1974/12/09;lfeb-street; 28;NV;NEVADA
 218;aivbc-name;fkc-firstname; 14980;mew-city;1958/05/19;rxqg-street; 41;AK;ALASKA
 219;nkeha-name;ddi-firstname; 17680;wzu-city;1986/03/04;xtik-street; 11;RI;RHODE ISLAND
 220;hyyqm-name;vac-firstname; 17600;gph-city;1954/04/28;rjxi-street; 22;NY;NEW YORK
 221;sifar-name;yth-firstname; 12840;kbe-city;1982/11/18;mnje-street; 5;NY;NEW YORK
 222;bxlyk-name;pla-firstname; 15740;zpb-city;1990/12/07;viys-street; 171;HI;HAWAII
 223;ifcwk-name;yfu-firstname; 10000;itv-city;1982/06/16;iuya-street; 77;SD;SOUTH DAKOTA
 224;fherw-name;acw-firstname; 13000;dxg-city;1970/09/09;zscv-street; 45;VT;VERMONT
 225;cvbfh-name;tbs-firstname; 13160;znt-city;1958/07/20;exfl-street; 171;LA;LOUISIANA
 226;sxpuq-name;qdu-firstname; 13000;lhm-city;1971/01/08;yooq-street; 80;VT;VERMONT
 227;xawor-name;glz-firstname; 18160;dxx-city;1954/12/08;fjnf-street; 130;FM;FEDERATED STATES OF MICRONESIA
 228;dwpda-name;dtg-firstname; 15380;zyz-city;1974/04/21;gozg-street; 96;MT;MONTANA
 229;airyv-name;oue-firstname; 16900;gbm-city;1986/07/14;xfte-street; 45;MP;NORTHERN MARIANA ISLANDS
 230;omfog-name;zhv-firstname; 17020;lep-city;1970/03/21;trww-street; 128;LA;LOUISIANA
 231;ddgah-name;ost-firstname; 13580;ojl-city;1958/03/07;gnln-street; 155;KY;KENTUCKY
 232;feggq-name;cro-firstname; 18780;wtj-city;1966/10/01;jesi-street; 63;NM;NEW MEXICO
 233;ahxvq-name;nes-firstname; 11660;niu-city;1950/06/06;upyk-street; 185;WA;WASHINGTON
 234;gjlqf-name;mvv-firstname; 19620;roc-city;1974/05/01;tsqu-street; 19;MI;MICHIGAN
 235;xbcip-name;vyn-firstname; 10560;nru-city;1986/12/06;qxfi-street; 114;WI;WISCONSIN
 236;cdwuj-name;sks-firstname; 12560;typ-city;1954/01/31;fkwb-street; 128;DC;DISTRICT OF COLUMBIA
 237;bsekx-name;wbw-firstname; 14280;twm-city;1962/09/11;bxui-street; 174;NM;NEW MEXICO
 238;foppd-name;zlw-firstname; 13580;hmg-city;1974/04/29;yiwk-street; 68;MN;MINNESOTA
 239;brtej-name;cqi-firstname; 11000;elz-city;1982/10/16;uauh-street; 23;PA;PENNSYLVANIA
 240;cpklp-name;tps-firstname; 11440;nsm-city;1950/10/28;cmjv-street; 139;PR;PUERTO RICO
 241;opbzn-name;bxz-firstname; 12860;jnq-city;1966/05/08;nkuq-street; 35;MP;NORTHERN MARIANA ISLANDS
 242;kxkmx-name;ziy-firstname; 17460;wqq-city;1974/11/05;gnha-street; 192;WV;WEST VIRGINIA
 243;lxpbu-name;jph-firstname; 19500;fpa-city;1954/10/01;gdls-street; 163;MI;MICHIGAN
 244;erhwd-name;wvu-firstname; 11880;iza-city;1962/08/03;ucsh-street; 75;undefined;undefined
 245;tjuxy-name;jzf-firstname; 10580;nyq-city;1970/04/30;gbes-street; 189;AR;ARKANSAS
 246;piocq-name;skz-firstname; 14600;xuq-city;1978/07/12;inae-street; 27;ME;MAINE
 247;bqjty-name;ybj-firstname; 13040;jqu-city;1954/11/30;ugcn-street; 159;AL;ALABAMA
 248;xexrx-name;fpu-firstname; 19720;ckc-city;1974/06/30;zpez-street; 46;IN;INDIANA
 249;auzgu-name;dam-firstname; 18460;mih-city;1962/07/28;augp-street; 112;MD;MARYLAND
 250;xupoe-name;fdb-firstname; 13440;llr-city;1986/10/01;forq-street; 185;IL;ILLINOIS
 251;sgely-name;pzz-firstname; 15920;jya-city;1950/02/02;kypg-street; 147;DC;DISTRICT OF COLUMBIA
 252;onini-name;zts-firstname; 18060;avs-city;1974/12/02;kxjn-street; 85;TX;TEXAS
 253;tyflk-name;htl-firstname; 17560;bhd-city;1962/06/06;xquf-street; 126;IN;INDIANA
 254;chbez-name;zkj-firstname; 17000;goh-city;1974/03/02;rkui-street; 13;AR;ARKANSAS
 255;zmmhg-name;rqb-firstname; 11340;egt-city;1970/02/06;pwjj-street; 6;MH;MARSHALL ISLANDS
 256;gutfo-name;vki-firstname; 18860;xdv-city;1986/07/11;iwkf-street; 14;DC;DISTRICT OF COLUMBIA
 257;eogwr-name;hnt-firstname; 19840;nht-city;1990/05/02;kljr-street; 18;VT;VERMONT
 258;ibupi-name;ygc-firstname; 18580;tvk-city;1978/08/20;xphm-street; 123;CO;COLORADO
 259;wqpaq-name;uwc-firstname; 10780;ygl-city;1958/03/20;ncta-street; 87;GU;GUAM
 260;swcms-name;ljb-firstname; 13560;pvt-city;1954/12/13;ovsf-street; 176;MD;MARYLAND
 261;xwxmt-name;qpq-firstname; 13380;fzc-city;1978/10/14;ivwb-street; 17;AZ;ARIZONA
 262;drxej-name;msd-firstname; 12720;ure-city;1986/02/15;nrqa-street; 30;MT;MONTANA
 263;scgpq-name;wgg-firstname; 18740;xtx-city;1990/05/09;vxwl-street; 29;AK;ALASKA
 264;qchcm-name;fbc-firstname; 14480;ymf-city;1978/03/21;cfqc-street; 63;ND;NORTH DAKOTA
 265;cbpxm-name;clb-firstname; 16900;etx-city;1974/03/29;uzyw-street; 175;OK;OKLAHOMA
 266;clksy-name;mls-firstname; 13560;qhs-city;1958/04/07;trwx-street; 47;MO;MISSOURI
 267;qwagv-name;hil-firstname; 18240;atx-city;1954/01/30;glaf-street; 57;MT;MONTANA
 268;grkjm-name;qwy-firstname; 15900;jvu-city;1970/02/26;rhdn-street; 172;ME;MAINE
 269;gkiis-name;xhp-firstname; 14440;bgh-city;1954/01/02;btrx-street; 53;FL;FLORIDA
 270;nscdn-name;lfn-firstname; 19900;eph-city;1958/09/29;nqao-street; 171;KS;KANSAS
 271;ulrrc-name;ncb-firstname; 10320;cao-city;1986/10/15;lkrm-street; 125;GA;GEORGIA
 272;qxjcn-name;wpy-firstname; 11260;rew-city;1954/12/19;tldv-street; 115;CA;CALIFORNIA
 273;thyyj-name;htd-firstname; 19100;tae-city;1982/03/04;wbqv-street; 174;PR;PUERTO RICO
 274;uigiq-name;lmx-firstname; 19320;bkr-city;1950/04/07;foio-street; 104;OK;OKLAHOMA
 275;iinbr-name;cfg-firstname; 12100;qwv-city;1986/01/12;ervo-street; 87;MN;MINNESOTA
 276;kipbw-name;fda-firstname; 16300;mlu-city;1970/03/26;yjpd-street; 15;MN;MINNESOTA
 277;cfrgd-name;dui-firstname; 11320;jax-city;1990/04/14;zaik-street; 157;ME;MAINE
 278;duaza-name;xsx-firstname; 11120;kkg-city;1958/02/05;bply-street; 185;VI;VIRGIN ISLANDS
 279;zzhqx-name;vlb-firstname; 18380;vyb-city;1950/12/11;iugj-street; 159;HI;HAWAII
 280;kuryf-name;kib-firstname; 13140;tum-city;1954/05/06;clkw-street; 31;CO;COLORADO
 281;daljt-name;ycr-firstname; 10840;ckw-city;1982/10/29;umof-street; 52;CO;COLORADO
 282;xhssg-name;djc-firstname; 17840;gvj-city;1954/12/12;zgmw-street; 35;WV;WEST VIRGINIA
 283;qqscv-name;eiu-firstname; 15260;daj-city;1986/01/30;qprc-street; 158;MH;MARSHALL ISLANDS
 284;tehbb-name;czj-firstname; 14180;xnh-city;1958/03/06;lfji-street; 48;UT;UTAH
 285;acdsd-name;yiu-firstname; 12220;buk-city;1958/02/15;ovcj-street; 70;ME;MAINE
 286;derpl-name;buv-firstname; 16000;fha-city;1970/09/02;vfay-street; 57;WA;WASHINGTON
 287;lobqd-name;qxn-firstname; 15060;ycp-city;1966/12/24;axxb-street; 38;PA;PENNSYLVANIA
 288;owxja-name;okb-firstname; 15640;lad-city;1982/05/24;wnka-street; 101;MN;MINNESOTA
 289;zohkw-name;ypo-firstname; 15460;wtu-city;1978/08/10;jhco-street; 21;VA;VIRGINIA
 290;nmrar-name;aqm-firstname; 18360;lcn-city;1963/01/26;zxeo-street; 143;WV;WEST VIRGINIA
 291;tndrh-name;ael-firstname; 16360;cyb-city;1958/04/10;cmlg-street; 78;ND;NORTH DAKOTA
 292;kbpkv-name;yck-firstname; 19400;oka-city;1974/11/02;kpmc-street; 10;CO;COLORADO
 293;uabcl-name;zms-firstname; 15940;tzb-city;1970/08/06;ezzs-street; 11;VT;VERMONT
 294;lancp-name;zbk-firstname; 11560;vny-city;1978/07/21;tzys-street; 182;LA;LOUISIANA
 295;wagzv-name;hcp-firstname; 13760;kik-city;1974/11/01;gpuw-street; 151;NH;NEW HAMPSHIRE
 296;qrenr-name;egp-firstname; 16920;zwq-city;1966/03/19;fbwi-street; 102;FL;FLORIDA
 297;amjep-name;mds-firstname; 16700;fvb-city;1978/05/07;peau-street; 167;WV;WEST VIRGINIA
 298;dzppv-name;qav-firstname; 16680;wbc-city;1970/04/15;dzyp-street; 149;VI;VIRGIN ISLANDS
 299;qrlwz-name;hvk-firstname; 14640;qyl-city;1954/03/07;gvsc-street; 32;NC;NORTH CAROLINA
 300;lracx-name;dmp-firstname; 13800;slo-city;1970/09/21;jspb-street; 106;WA;WASHINGTON
 301;jhlao-name;txt-firstname; 12020;jam-city;1962/06/26;bcky-street; 19;WV;WEST VIRGINIA
 302;aocxq-name;mzv-firstname; 17140;dgx-city;1954/08/24;maoi-street; 1;HI;HAWAII
 303;dvdbu-name;fdf-firstname; 10980;goa-city;1982/04/10;onik-street; 109;NM;NEW MEXICO
 304;cqapx-name;skq-firstname; 11080;akw-city;1958/09/02;xakx-street; 14;CA;CALIFORNIA
 305;crmlf-name;djf-firstname; 16100;mle-city;1974/10/10;udrl-street; 96;VT;VERMONT
 306;iujcn-name;tat-firstname; 17660;jnf-city;1966/03/31;inoh-street; 104;TX;TEXAS
 307;aetvh-name;spn-firstname; 14960;wxf-city;1954/06/30;mmxe-street; 78;PA;PENNSYLVANIA
 308;ibfdt-name;sfu-firstname; 11120;kqf-city;1954/06/22;xbwg-street; 132;CA;CALIFORNIA
 309;ccatv-name;aeb-firstname; 10940;qoi-city;1982/08/11;bsrg-street; 29;UT;UTAH
 310;udrjw-name;agc-firstname; 17100;aep-city;1974/04/23;bsju-street; 59;PR;PUERTO RICO
 311;crjcx-name;nbb-firstname; 14820;xtp-city;1958/11/08;fajh-street; 95;WY;WYOMING
 312;qbcrw-name;mef-firstname; 14220;mwa-city;1982/11/13;keyy-street; 97;NE;NEBRASKA
 313;wxvpi-name;dym-firstname; 10220;ncp-city;1954/09/28;qgrg-street; 25;undefined;undefined
 314;bandc-name;hzf-firstname; 18700;eoh-city;1990/11/05;qphi-street; 177;IL;ILLINOIS
 315;afatf-name;eii-firstname; 15480;lsm-city;1982/10/11;nzjq-street; 96;VI;VIRGIN ISLANDS
 316;trxge-name;vhe-firstname; 18260;ccm-city;1958/03/09;ducm-street; 1;NH;NEW HAMPSHIRE
 317;kdygt-name;tgc-firstname; 12500;bqo-city;1978/06/20;rqgx-street; 90;DC;DISTRICT OF COLUMBIA
 318;angdt-name;lvt-firstname; 13960;tbr-city;1974/07/14;wfqj-street; 196;GU;GUAM
 319;hqhqe-name;nxd-firstname; 14860;yhi-city;1954/04/23;wkpi-street; 23;MP;NORTHERN MARIANA ISLANDS
 320;pwwep-name;qtw-firstname; 15160;utn-city;1958/06/08;sheh-street; 176;FL;FLORIDA
 321;vkken-name;wrw-firstname; 16760;jhm-city;1974/12/13;czmf-street; 183;AR;ARKANSAS
 322;zbbmz-name;ipe-firstname; 14340;mco-city;1970/04/25;ymou-street; 2;WY;WYOMING
 323;eyzfr-name;xeb-firstname; 10440;qsa-city;1990/04/15;iukl-street; 135;AZ;ARIZONA
 324;tfpxy-name;yzh-firstname; 14080;wbc-city;1970/02/12;ojfc-street; 150;MP;NORTHERN MARIANA ISLANDS
 325;tphou-name;xac-firstname; 15940;ncy-city;1962/09/22;vcxl-street; 90;AL;ALABAMA
 326;bfscx-name;yih-firstname; 18900;bxa-city;1962/10/12;qsww-street; 137;VT;VERMONT
 327;ussbw-name;gbb-firstname; 15600;wtg-city;1978/07/29;vqcq-street; 10;KY;KENTUCKY
 328;zkoqj-name;mqn-firstname; 13440;lux-city;1970/05/01;bokx-street; 106;VA;VIRGINIA
 329;zbqew-name;dbw-firstname; 14520;hbi-city;1971/01/20;syea-street; 192;CT;CONNECTICUT
 330;vmfuy-name;qge-firstname; 16660;vnk-city;1982/08/29;tlxy-street; 166;PW;PALAU
 331;wajgr-name;mnx-firstname; 17500;wiv-city;1954/07/10;ylug-street; 21;OR;OREGON
 332;lzcry-name;tzk-firstname; 18980;icz-city;1966/06/04;ldvu-street; 25;GU;GUAM
 333;rodpv-name;rix-firstname; 16540;tpf-city;1986/02/03;leur-street; 169;SD;SOUTH DAKOTA
 334;pxmhq-name;tyd-firstname; 11200;okj-city;1978/12/30;tauk-street; 94;ND;NORTH DAKOTA
 335;kansg-name;qzs-firstname; 18020;yhj-city;1982/08/27;ehie-street; 140;AR;ARKANSAS
 336;kpqff-name;bqs-firstname; 13780;tnp-city;1958/08/07;euhw-street; 182;SD;SOUTH DAKOTA
 337;akvdd-name;bxi-firstname; 15620;rbk-city;1962/03/16;fzdy-street; 125;WA;WASHINGTON
 338;nbazl-name;ikv-firstname; 13160;wci-city;1966/08/22;smzb-street; 136;SD;SOUTH DAKOTA
 339;zrowi-name;udo-firstname; 16460;hbe-city;1962/07/07;xgyd-street; 170;AZ;ARIZONA
 340;jfzjd-name;atn-firstname; 13040;yef-city;1974/09/26;dyjj-street; 127;WI;WISCONSIN
 341;prsbo-name;ibh-firstname; 19520;qro-city;1986/01/10;pemg-street; 183;SC;SOUTH CAROLINA
 342;dwfdn-name;kci-firstname; 14640;fze-city;1970/07/24;xxdz-street; 102;IA;IOWA
 343;cnupm-name;rjl-firstname; 14660;ewk-city;1966/07/02;wzjr-street; 107;PW;PALAU
 344;wbpor-name;fuf-firstname; 11300;xne-city;1978/02/14;tyzx-street; 2;AL;ALABAMA
 345;tjqky-name;mjf-firstname; 12560;qlo-city;1982/10/21;hzos-street; 121;NE;NEBRASKA
 346;yxqsn-name;ofx-firstname; 18680;ute-city;1974/02/27;wqka-street; 111;FL;FLORIDA
 347;wjwmv-name;hra-firstname; 14520;mvj-city;1954/10/03;chmz-street; 70;SD;SOUTH DAKOTA
 348;aipnn-name;paa-firstname; 14400;gyq-city;1970/04/27;tbpq-street; 84;undefined;undefined
 349;wplyl-name;zvh-firstname; 15820;vhw-city;1967/01/12;eesj-street; 110;undefined;undefined
 350;syoip-name;lbd-firstname; 13860;wfo-city;1966/03/17;lsvf-street; 47;VI;VIRGIN ISLANDS
 351;lvhdk-name;pzl-firstname; 14320;bab-city;1950/05/01;wktz-street; 134;AR;ARKANSAS
 352;jodya-name;apd-firstname; 14520;nfr-city;1986/12/14;jgzs-street; 193;KY;KENTUCKY
 353;ikunj-name;syx-firstname; 17320;cqd-city;1982/08/19;xwzj-street; 53;IN;INDIANA
 354;bnhud-name;uvd-firstname; 15360;ynw-city;1971/01/25;gens-street; 107;MT;MONTANA
 355;prkrf-name;ivm-firstname; 19220;kie-city;1966/11/14;boem-street; 59;HI;HAWAII
 356;ucywi-name;sjl-firstname; 11480;ish-city;1982/11/13;szck-street; 148;NE;NEBRASKA
 357;sgftd-name;ajp-firstname; 11760;jco-city;1958/03/05;djek-street; 196;UT;UTAH
 358;kohdq-name;phr-firstname; 13120;kpb-city;1978/07/26;csom-street; 17;PR;PUERTO RICO
 359;fgjoa-name;srp-firstname; 11480;onn-city;1990/05/26;duvo-street; 127;MS;MISSISSIPPI
 360;xgiyw-name;rcu-firstname; 15140;mti-city;1958/09/26;lego-street; 125;MA;MASSACHUSETTS
 361;kgcui-name;grq-firstname; 12640;tjn-city;1986/02/08;ntoq-street; 6;CT;CONNECTICUT
 362;ljyxw-name;lho-firstname; 19100;hmd-city;1962/03/09;mqus-street; 12;CT;CONNECTICUT
 363;vnvwy-name;vmv-firstname; 14360;cpu-city;1966/04/20;cfts-street; 16;MI;MICHIGAN
 364;gedwu-name;ocl-firstname; 11760;vaf-city;1970/04/22;exot-street; 121;MT;MONTANA
 365;enknw-name;vjk-firstname; 11100;bge-city;1954/07/06;inhb-street; 95;AS;AMERICAN SAMOA
 366;qmpom-name;tmp-firstname; 12260;ymn-city;1986/07/02;psdj-street; 71;MI;MICHIGAN
 367;jrbwj-name;imr-firstname; 11080;qsx-city;1966/11/08;msys-street; 80;ID;IDAHO
 368;dzjpp-name;cwl-firstname; 15720;ipm-city;1958/07/13;acsb-street; 87;IL;ILLINOIS
 369;qdwdn-name;dtc-firstname; 12740;qab-city;1986/11/29;besk-street; 80;DC;DISTRICT OF COLUMBIA
 370;gbeyp-name;lzl-firstname; 19740;ljz-city;1974/10/01;zwga-street; 52;RI;RHODE ISLAND
 371;kuwva-name;noq-firstname; 17500;xia-city;1950/03/18;omzn-street; 164;KS;KANSAS
 372;jjhsm-name;cdc-firstname; 13020;xli-city;1986/06/10;nups-street; 38;VA;VIRGINIA
 373;xyupl-name;fyd-firstname; 16100;fqd-city;1971/01/05;icjo-street; 28;NE;NEBRASKA
 374;ueipj-name;meb-firstname; 19880;nsk-city;1974/08/15;aqwr-street; 14;LA;LOUISIANA
 375;vdmif-name;fat-firstname; 19120;dud-city;1974/07/01;krgw-street; 178;MS;MISSISSIPPI
 376;oxgdf-name;apn-firstname; 11400;dji-city;1962/04/02;ttnt-street; 13;HI;HAWAII
 377;xgxyc-name;jrn-firstname; 19400;bfg-city;1950/12/30;jzgy-street; 43;WY;WYOMING
 378;bczfk-name;bfu-firstname; 16920;qxp-city;1974/05/26;seja-street; 178;HI;HAWAII
 379;pppqe-name;kwo-firstname; 15260;geb-city;1986/04/06;okvv-street; 11;MN;MINNESOTA
 380;opzyy-name;mfk-firstname; 14960;nlo-city;1962/03/03;dezo-street; 106;AS;AMERICAN SAMOA
 381;xmnsm-name;ckj-firstname; 10400;fnr-city;1950/10/21;uhme-street; 154;NC;NORTH CAROLINA
 382;moqtn-name;zgw-firstname; 12920;pqk-city;1950/10/28;suvi-street; 102;WY;WYOMING
 383;byapu-name;pix-firstname; 10900;gik-city;1982/09/04;ntiq-street; 45;VI;VIRGIN ISLANDS
 384;zuhdb-name;gbj-firstname; 18760;vkk-city;1978/06/17;vnem-street; 62;TX;TEXAS
 385;gkjpo-name;qwq-firstname; 12380;ame-city;1982/12/01;ndvp-street; 94;VA;VIRGINIA
 386;yefwf-name;aev-firstname; 13580;mor-city;1962/07/09;ldcg-street; 91;AL;ALABAMA
 387;twgsp-name;mwx-firstname; 15840;bbp-city;1970/05/12;hecl-street; 137;WY;WYOMING
 388;zatdb-name;tes-firstname; 17080;yga-city;1954/11/05;dfwu-street; 58;undefined;undefined
 389;qxdyx-name;tum-firstname; 18100;mqw-city;1958/10/21;gndl-street; 156;FL;FLORIDA
 390;ncpki-name;wbm-firstname; 13860;cuo-city;1970/07/02;yqpa-street; 30;NE;NEBRASKA
 391;kyzsl-name;djj-firstname; 17400;zzd-city;1978/02/11;mvkp-street; 4;ME;MAINE
 392;jtksy-name;ayp-firstname; 10760;gui-city;1982/12/17;wohf-street; 175;DC;DISTRICT OF COLUMBIA
 393;grzby-name;oyz-firstname; 15140;bmz-city;1974/07/10;rrui-street; 60;NC;NORTH CAROLINA
 394;sgaut-name;xzd-firstname; 15260;dnb-city;1978/10/01;hcii-street; 169;RI;RHODE ISLAND
 395;ozkaq-name;brx-firstname; 11400;guw-city;1962/02/08;pswz-street; 194;NH;NEW HAMPSHIRE
 396;uqivg-name;map-firstname; 10880;lgr-city;1990/07/14;lxmi-street; 143;MN;MINNESOTA
 397;soqkg-name;jws-firstname; 17200;dss-city;1970/12/05;ppht-street; 187;UT;UTAH
 398;pdqdm-name;erh-firstname; 11860;obj-city;1986/04/03;aova-street; 121;CT;CONNECTICUT
 399;ogqrv-name;uyf-firstname; 16400;abs-city;1987/01/06;xwue-street; 114;AZ;ARIZONA
 400;ukcxw-name;ltd-firstname; 11760;bwi-city;1986/09/01;ddjt-street; 199;AR;ARKANSAS
 401;djcgr-name;tet-firstname; 19380;ure-city;1962/09/03;alzp-street; 169;SC;SOUTH CAROLINA
 402;ibbvs-name;cyv-firstname; 16060;gdh-city;1982/04/24;qrdz-street; 116;NV;NEVADA
 403;blmke-name;jtq-firstname; 17260;tls-city;1970/05/28;eylx-street; 171;NV;NEVADA
 404;qpatk-name;mtt-firstname; 13400;nzv-city;1970/03/25;exby-street; 93;WY;WYOMING
 405;mbngf-name;pqp-firstname; 10720;ann-city;1966/09/01;rkpu-street; 146;CT;CONNECTICUT
 406;rcydx-name;usf-firstname; 12880;jou-city;1982/02/20;gtqw-street; 186;MO;MISSOURI
 407;srszq-name;dtb-firstname; 14340;yrs-city;1978/03/16;wtan-street; 89;MN;MINNESOTA
 408;ezlfr-name;ebd-firstname; 19420;ctw-city;1986/03/22;zjyv-street; 44;VT;VERMONT
 409;bhotj-name;hzt-firstname; 16480;rbt-city;1978/06/11;mbsm-street; 157;WV;WEST VIRGINIA
 410;udzwf-name;kfd-firstname; 13440;maj-city;1986/06/06;kerz-street; 180;AZ;ARIZONA
 411;yflfv-name;zdl-firstname; 13300;zix-city;1982/05/20;ozcp-street; 153;MN;MINNESOTA
 412;wlyyq-name;kdz-firstname; 11400;ygb-city;1966/11/07;zekv-street; 111;AS;AMERICAN SAMOA
 413;wonzh-name;eeb-firstname; 19920;qnt-city;1982/09/20;fxob-street; 95;LA;LOUISIANA
 414;eiwzh-name;hpm-firstname; 15860;bfo-city;1967/01/30;tkpg-street; 182;VA;VIRGINIA
 415;mbqgk-name;jsm-firstname; 15040;dai-city;1954/06/12;jqdh-street; 65;NE;NEBRASKA
 416;jhigj-name;qyn-firstname; 18360;ntm-city;1974/05/15;eghd-street; 188;ME;MAINE
 417;llytl-name;jqe-firstname; 11280;kkp-city;1974/04/03;oudg-street; 69;DE;DELAWARE
 418;urhgl-name;iji-firstname; 13760;lhf-city;1962/12/02;oywx-street; 6;SC;SOUTH CAROLINA
 419;uflrm-name;hef-firstname; 15040;usl-city;1974/11/06;qvgi-street; 103;OK;OKLAHOMA
 420;gbfui-name;goz-firstname; 14940;edu-city;1986/02/25;gkqy-street; 26;KS;KANSAS
 421;nysbp-name;fro-firstname; 18420;wqt-city;1958/12/19;vpoc-street; 89;GA;GEORGIA
 422;fmrwo-name;wlf-firstname; 17820;qwb-city;1962/05/03;stcz-street; 22;CA;CALIFORNIA
 423;racwd-name;kqr-firstname; 10180;xdr-city;1974/04/09;fqxz-street; 15;MO;MISSOURI
 424;jpopz-name;krm-firstname; 13420;fjx-city;1970/10/29;kyph-street; 54;NJ;NEW JERSEY
 425;fwdat-name;ppn-firstname; 15660;zqh-city;1986/06/24;zgfe-street; 61;SC;SOUTH CAROLINA
 426;orznz-name;hyy-firstname; 12020;lju-city;1982/07/01;xisy-street; 125;GU;GUAM
 427;spzxo-name;mpv-firstname; 13220;cbq-city;1962/05/09;qlqx-street; 53;OK;OKLAHOMA
 428;qxdra-name;ifp-firstname; 10480;nvu-city;1958/08/15;egsq-street; 133;MH;MARSHALL ISLANDS
 429;yhelu-name;jsc-firstname; 17200;clp-city;1954/12/01;vahx-street; 3;NV;NEVADA
 430;umvfv-name;mbe-firstname; 13600;knp-city;1954/07/16;oldf-street; 188;PA;PENNSYLVANIA
 431;mwcfe-name;xxi-firstname; 15080;chq-city;1974/12/22;kpsj-street; 163;NV;NEVADA
 432;wvkrp-name;dtr-firstname; 19840;pqv-city;1986/07/07;jnzd-street; 119;HI;HAWAII
 433;vqfja-name;kep-firstname; 19380;ydo-city;1966/11/11;gsfd-street; 12;AR;ARKANSAS
 434;ikbjr-name;ipd-firstname; 17920;uld-city;1990/03/03;tmbc-street; 49;KS;KANSAS
 435;hyjrs-name;jqp-firstname; 18820;vvm-city;1970/05/07;txye-street; 152;AR;ARKANSAS
 436;tuewv-name;lkd-firstname; 17060;slo-city;1970/07/06;htdm-street; 197;OK;OKLAHOMA
 437;muyws-name;iql-firstname; 19540;cwf-city;1962/04/27;knsx-street; 167;LA;LOUISIANA
 438;tgsga-name;lww-firstname; 17780;goh-city;1982/12/24;lzcl-street; 136;SD;SOUTH DAKOTA
 439;agsyj-name;fve-firstname; 19260;wgi-city;1970/03/07;aone-street; 48;WV;WEST VIRGINIA
 440;yrgqp-name;tni-firstname; 15820;mzp-city;1986/04/19;femc-street; 29;PR;PUERTO RICO
 441;ltjmw-name;cps-firstname; 13060;aeo-city;1954/07/17;bewv-street; 182;OK;OKLAHOMA
 442;gjkpl-name;tre-firstname; 16340;ndn-city;1962/08/27;ocld-street; 16;WV;WEST VIRGINIA
 443;ryvgz-name;bhe-firstname; 14960;lcg-city;1978/08/09;bxwa-street; 19;NM;NEW MEXICO
 444;zgwwi-name;umb-firstname; 11840;llj-city;1958/07/06;uiww-street; 115;MP;NORTHERN MARIANA ISLANDS
 445;qaczz-name;qng-firstname; 10900;umr-city;1970/01/17;mlsy-street; 6;VA;VIRGINIA
 446;xcruf-name;vbp-firstname; 17840;vzl-city;1982/06/17;oatg-street; 110;MN;MINNESOTA
 447;egqdv-name;boy-firstname; 18360;gfw-city;1958/10/07;qaoh-street; 104;AS;AMERICAN SAMOA
 448;digvt-name;fid-firstname; 11180;iyw-city;1958/03/13;pooo-street; 119;NV;NEVADA
 449;gxavv-name;bal-firstname; 17020;cra-city;1966/02/01;nchf-street; 122;CO;COLORADO
 450;tiwoz-name;vwo-firstname; 19340;oja-city;1982/07/16;bnsy-street; 149;MA;MASSACHUSETTS
 451;jemtu-name;gnk-firstname; 11180;gbb-city;1954/03/01;pmbh-street; 87;NC;NORTH CAROLINA
 452;rhdjl-name;qaf-firstname; 16500;nqr-city;1974/03/28;vmrd-street; 75;DE;DELAWARE
 453;qdkbn-name;cpl-firstname; 17460;ugb-city;1987/01/29;cwoa-street; 184;ME;MAINE
 454;tuhon-name;bbg-firstname; 10500;cer-city;1958/03/02;ttst-street; 184;WA;WASHINGTON
 455;wluxg-name;xpv-firstname; 18240;axq-city;1958/07/28;useg-street; 140;NY;NEW YORK
 456;ojkgh-name;tzq-firstname; 16000;guv-city;1990/11/25;hagy-street; 198;MN;MINNESOTA
 457;arxsx-name;ana-firstname; 18620;oxx-city;1986/04/22;hkdb-street; 28;SD;SOUTH DAKOTA
 458;ujpiw-name;bty-firstname; 14000;kiy-city;1978/08/10;bmgt-street; 176;PW;PALAU
 459;sufuk-name;izq-firstname; 17740;kfy-city;1986/10/29;xxcz-street; 26;MD;MARYLAND
 460;nedie-name;ajz-firstname; 11820;fnf-city;1970/04/08;ccnd-street; 108;MT;MONTANA
 461;vbfwv-name;anp-firstname; 19880;qag-city;1962/11/17;tbcc-street; 23;NJ;NEW JERSEY
 462;bmrzz-name;yfe-firstname; 11300;rgi-city;1970/10/01;xbjp-street; 26;FM;FEDERATED STATES OF MICRONESIA
 463;jewvw-name;ymh-firstname; 13100;kcv-city;1982/03/01;cjbt-street; 4;KY;KENTUCKY
 464;kxxpm-name;has-firstname; 18500;hlp-city;1954/04/03;qsmq-street; 77;MD;MARYLAND
 465;qkjxa-name;gdq-firstname; 12240;qtz-city;1954/11/25;mevz-street; 12;NM;NEW MEXICO
 466;vmdwq-name;vjm-firstname; 19980;rmz-city;1986/09/09;ifxg-street; 139;NC;NORTH CAROLINA
 467;ssgil-name;lkd-firstname; 14220;ndd-city;1963/01/19;rjln-street; 195;MD;MARYLAND
 468;szbhe-name;pwi-firstname; 10100;iij-city;1966/04/09;mojp-street; 177;AK;ALASKA
 469;eswrp-name;lts-firstname; 10080;cuk-city;1966/03/29;plor-street; 139;VI;VIRGIN ISLANDS
 470;tioeh-name;qgc-firstname; 11800;zre-city;1954/06/05;owaq-street; 98;LA;LOUISIANA
 471;fkzpf-name;bse-firstname; 19040;cor-city;1962/06/21;aamy-street; 53;NY;NEW YORK
 472;kczhq-name;hde-firstname; 16380;siz-city;1986/12/15;rawc-street; 127;ND;NORTH DAKOTA
 473;gpwqf-name;pae-firstname; 12820;rga-city;1958/12/19;djsk-street; 131;WY;WYOMING
 474;yvgmq-name;hzp-firstname; 19020;ioc-city;1966/03/22;zdbt-street; 106;FM;FEDERATED STATES OF MICRONESIA
 475;abjqk-name;pdo-firstname; 13040;vnj-city;1962/09/08;kvwv-street; 145;OR;OREGON
 476;adppx-name;gmz-firstname; 16560;pah-city;1962/03/14;ynqs-street; 107;WY;WYOMING
 477;lxcrs-name;arg-firstname; 12160;med-city;1990/03/14;wlag-street; 141;MT;MONTANA
 478;mrkfp-name;jbm-firstname; 19760;dhu-city;1970/06/12;idan-street; 145;UT;UTAH
 479;zmkad-name;vns-firstname; 10080;aoe-city;1955/01/25;qgbd-street; 174;FL;FLORIDA
 480;vftgh-name;nxs-firstname; 11580;igp-city;1954/05/17;fief-street; 183;MT;MONTANA
 481;bnafy-name;geg-firstname; 11160;sfp-city;1974/04/26;tpnq-street; 194;DE;DELAWARE
 482;mwqpn-name;lbw-firstname; 17660;oot-city;1974/04/09;qxgk-street; 18;AK;ALASKA
 483;cijcf-name;uvd-firstname; 17940;ioy-city;1982/02/07;gfiz-street; 147;MN;MINNESOTA
 484;kwjhv-name;swd-firstname; 12400;pue-city;1970/12/10;sall-street; 104;MN;MINNESOTA
 485;mfdfy-name;hsy-firstname; 18260;bzl-city;1982/09/08;hsyc-street; 76;RI;RHODE ISLAND
 486;cdrmm-name;mxa-firstname; 11520;rie-city;1962/12/21;dxed-street; 112;LA;LOUISIANA
 487;flyur-name;mzm-firstname; 12260;wyi-city;1978/07/07;xqoj-street; 156;WV;WEST VIRGINIA
 488;hkwnf-name;obg-firstname; 14520;bib-city;1967/01/20;mvee-street; 115;undefined;undefined
 489;kawax-name;pyn-firstname; 10520;zjh-city;1966/09/01;fsmz-street; 87;DE;DELAWARE
 490;nnhzs-name;sfo-firstname; 19040;thn-city;1990/11/08;tzsb-street; 43;IN;INDIANA
 491;xivec-name;gzo-firstname; 16820;aha-city;1978/10/19;iolt-street; 36;HI;HAWAII
 492;hyiju-name;plw-firstname; 18620;zzu-city;1982/07/13;tydq-street; 112;NV;NEVADA
 493;leylb-name;fcv-firstname; 15720;biw-city;1958/09/18;bnpf-street; 52;MT;MONTANA
 494;pweci-name;hcu-firstname; 19020;fzb-city;1950/10/28;spdv-street; 131;WY;WYOMING
 495;ddulq-name;crh-firstname; 11540;yrm-city;1974/07/31;opds-street; 95;OH;OHIO
 496;fyrha-name;wea-firstname; 16620;vfe-city;1990/12/07;ukki-street; 48;GU;GUAM
 497;vuypf-name;ugz-firstname; 13320;ixw-city;1970/07/09;aptu-street; 60;HI;HAWAII
 498;wezwd-name;oae-firstname; 11180;egb-city;1982/02/27;ldea-street; 2;IL;ILLINOIS
 499;wrokv-name;zaa-firstname; 13980;hac-city;1974/01/20;zwst-street; 21;MO;MISSOURI
 500;wtapc-name;ciu-firstname; 15360;uvh-city;1962/08/03;mddz-street; 196;IA;IOWA
